,country
0,United States
1,France
2,United States
3,Canada
4,United States
5,Germany
6,Belgium
7,Germany
8,United States
9,England
10,England
11,Germany
12,England
13,Belgium
14,Germany
15,United States
16,United States
17,England
18,Denmark
19,France
20,United States
21,Germany
22,United States
23,United States
24,United States
25,United States
26,United States
27,Italy
28,England
29,United States
30,United States
31,United States
32,United States
33,India
34,United States
35,United States
36,United States
37,United States
38,United States
39,United States
40,England
41,United States
42,United States
43,United States
44,United States
45,France
46,Spain
47,United States
48,United States
49,England
50,Spain
51,United States
52,United States
53,United States
54,United States
55,Australia
56,United States
57,United States
58,United States
59,France
60,England
61,France
62,Australia
63,France
64,United States
65,United States
66,France
67,China
68,England
69,Germany
70,France
71,Spain
72,India
73,Italy
74,Morocco
75,Morocco
76,France
77,Spain
78,United States
79,United States
80,France
81,United Kingdom
82,Romania
83,United States
84,England
85,Russia
86,United States
87,United States
88,United States
89,United States
90,United States
91,Colombia
92,United States
93,France
94,India
95,England
96,Georgia
97,Spain
98,France
99,Spain
100,Spain
101,Hungary
102,United States
103,France
104,United States
105,Mauritania
106,France
107,United States
108,Germany
109,United States
110,United States
111,Belgium
112,Germany
113,England
114,United States
115,United States
116,Germany
117,United States
118,Morocco
119,United States
120,France
121,Morocco
122,Australia
123,United States
124,Germany
125,India
126,Algeria
127,Germany
128,England
129,United States
130,United States
131,United States
132,Germany
133,Mauritania
134,United States
135,France
136,Finland
137,India
138,Spain
139,France
140,United States
141,Uruguay
142,United States
143,Spain
144,Spain
145,United States
146,France
147,United States
148,Spain
149,Brazil
150,United States
151,Germany
152,Germany
153,United States
154,Finland
155,England
156,Netherlands
157,Canada
158,France
159,Australia
160,United States
161,Germany
162,Spain
163,United States
164,France
165,United States
166,United States
167,United States
168,United States
169,United States
170,Brazil
171,United States
172,Germany
173,United States
174,United States
175,France
176,United States
177,United States
178,Greece
179,Morocco
180,United States
181,United States
182,United States
183,United States
184,Mexico
185,Hungary
186,United States
187,Cuba
188,Spain
189,England
190,United States
191,Germany
192,United States
193,Mexico
194,Russia
195,Germany
196,United States
197,Mexico
198,Iran
199,United States
200,United States
201,United States
202,Morocco
203,United States
204,Italy
205,United States
206,United States
207,Mexico
208,England
209,France
210,United States
211,United States
212,United States
213,Germany
214,United States
215,United States
216,Madagascar
217,United States
218,Spain
219,United States
220,United States
221,England
222,United States
223,Argentina
224,United States
225,Denmark
226,United States
227,England
228,United States
229,England
230,Canada
231,France
232,Germany
233,Morocco
234,Australia
235,Canada
236,France
237,India
238,Brazil
239,United States
240,China
241,Belgium
242,United States
243,New Zealand
244,Canada
245,Spain
246,Australia
247,United States
248,Germany
249,United States
250,Australia
251,United States
252,United States
253,United States
254,Germany
255,United States
256,Australia
257,United States
258,Bulgaria
259,United States
260,United States
261,Romania
262,United States
263,Canada
264,Brazil
265,United States
266,South Africa
267,United States
268,China
269,United States
270,United States
271,Thailand
272,United States
273,United States
274,United States
275,United States
276,United States
277,United States
278,United States
279,Brazil
280,United States
281,United States
282,United States
283,Iraq
284,United States
285,India
286,United States
287,United States
288,Chile
289,Lebanon
290,Germany
291,United States
292,England
293,Australia
294,Mauritania
295,Bolivia
296,England
297,Germany
298,United States
299,United States
300,United States
301,Australia
302,United States
303,United States
304,Georgia
305,United States
306,United States
307,Argentina
308,United States
309,Belgium
310,Germany
311,United States
312,Italy
313,Germany
314,Spain
315,United States
316,United States
317,United States
318,Mexico
319,United States
320,India
321,France
322,United States
323,Mexico
324,China
325,Ukraine
326,United States
327,Germany
328,South Africa
329,Belgium
330,France
331,France
332,United States
333,Morocco
334,United States
335,Colombia
336,Peru
337,China
338,United States
339,England
340,United States
341,Argentina
342,Germany
343,United States
344,United States
345,Germany
346,Brazil
347,China
348,United States
349,United States
350,Australia
351,Australia
352,Australia
353,United States
354,Australia
355,Germany
356,United States
357,Cuba
358,Syria
359,United States
360,United States
361,Pakistan
362,United States
363,Germany
364,United States
365,Germany
366,Egypt
367,Germany
368,France
369,Germany
370,United States
371,United States
372,Russia
373,United States
374,United States
375,United States
376,Honduras
377,Colombia
378,Netherlands
379,United States
380,Switzerland
381,United Kingdom
382,Colombia
383,Egypt
384,China
385,United States
386,United States
387,United States
388,United States
389,Panama
390,Australia
391,United States
392,Finland
393,United States
394,United States
395,Brazil
396,United States
397,Italy
398,France
399,France
400,England
401,Poland
402,Egypt
403,Colombia
404,United States
405,United States
406,France
407,United States
408,United States
409,United States
410,China
411,Chile
412,Mexico
413,United States
414,United States
415,Spain
416,Italy
417,Switzerland
418,France
419,Switzerland
420,Australia
421,Sweden
422,Germany
423,Norway
424,Croatia
425,Tajikistan
426,United States
427,France
428,Mexico
429,United States
430,Colombia
431,Germany
432,Greece
433,United States
434,Libya
435,United States
436,United States
437,United States
438,Mexico
439,United Kingdom
440,Germany
441,Germany
442,England
443,France
444,Russia
445,United States
446,England
447,United States
448,United States
449,United States
450,United States
451,China
452,United States
453,Mexico
454,United States
455,Algeria
456,United States
457,Australia
458,Gambia
459,France
460,United States
461,Germany
462,United States
463,Germany
464,United States
465,United States
466,Guinea
467,Belgium
468,Sudan
469,Panama
470,Romania
471,China
472,United States
473,Argentina
474,Guinea
475,Greece
476,Netherlands
477,United States
478,United States
479,Poland
480,Germany
481,Poland
482,Belgium
483,United Kingdom
484,Germany
485,Italy
486,Italy
487,France
488,United States
489,Germany
490,United States
491,Samoa
492,Canada
493,United States
494,Russia
495,Mexico
496,France
497,United States
498,France
499,United States
500,India
501,Australia
502,France
503,Italy
504,Mexico
505,New Zealand
506,United States
507,Brazil
508,United States
509,Canada
510,Germany
511,Tanzania
512,Chile
513,United States
514,Italy
515,United States
516,Romania
517,Kenya
518,United States
519,Hungary
520,Japan
521,Mexico
522,Germany
523,Brazil
524,Romania
525,Italy
526,China
527,Japan
528,Mexico
529,Australia
530,Gambia
531,Switzerland
532,Germany
533,Australia
534,England
535,United States
536,United States
537,Canada
538,Gambia
539,Iraq
540,United States
541,Mexico
542,United States
543,Netherlands
544,Australia
545,France
546,Brazil
547,United States
548,Australia
549,United States
550,United States
551,France
552,Belgium
553,Colombia
554,United States
555,United States
556,Morocco
557,Mozambique
558,Morocco
559,Ecuador
560,United States
561,Netherlands
562,United Kingdom
563,Switzerland
564,Spain
565,Brazil
566,Denmark
567,India
568,Germany
569,United States
570,Colombia
571,England
572,United States
573,Malta
574,Morocco
575,Indonesia
576,Italy
577,United States
578,Oman
579,Italy
580,United States
581,United States
582,Estonia
583,France
584,United States
585,Germany
586,Australia
587,United States
588,Romania
589,United States
590,Croatia
591,China
592,Germany
593,Bolivia
594,United States
595,Brazil
596,Germany
597,United States
598,United States
599,Italy
600,United States
601,Brazil
602,Hungary
603,China
604,United States
605,Canada
606,Georgia
607,Norway
608,South Africa
609,United States
610,Romania
611,Japan
612,Italy
613,United States
614,United States
615,Brazil
616,United States
617,United States
618,France
619,United States
620,United States
621,United States
622,Canada
623,Turkmenistan
624,United States
625,Kazakhstan
626,Indonesia
627,United States
628,Indonesia
629,United States
630,United States
631,England
632,China
633,Australia
634,India
635,Australia
636,Australia
637,China
638,Australia
639,United States
640,United States
641,Italy
642,United States
643,Australia
644,England
645,Algeria
646,United States
647,United States
648,United States
649,United States
650,Algeria
651,Brazil
652,China
653,United States
654,United States
655,Russia
656,Romania
657,United States
658,Colombia
659,Norway
660,Russia
661,Russia
662,United States
663,Austria
664,Canada
665,Portugal
666,Guyana
667,Brazil
668,United States
669,Peru
670,United States
671,United States
672,Portugal
673,China
674,China
675,Australia
676,United States
677,Guinea
678,France
679,United States
680,United States
681,Australia
682,Sudan
683,Sudan
684,United States
685,Ireland
686,United States
687,Romania
688,Australia
689,China
690,Greece
691,Brazil
692,United States
693,United States
694,United States
695,India
696,United States
697,Canada
698,Sweden
699,Georgia
700,Libya
701,India
702,China
703,China
704,Guinea
705,United States
706,China
707,Australia
708,United States
709,United States
710,United States
711,Mozambique
712,China
713,Greece
714,Guinea
715,United States
716,United States
717,Norway
718,Canada
719,China
720,India
721,France
722,France
723,France
724,China
725,China
726,Brazil
727,United States
728,Guinea
729,United States
730,United States
731,United States
732,United States
733,Cuba
734,England
735,England
736,United States
737,United States
738,Brazil
739,United States
740,Australia
741,United States
742,United States
743,Brazil
744,France
745,India
746,United States
747,Australia
748,Australia
749,Norway
750,Hungary
751,England
752,United States
753,United States
754,Norway
755,China
756,England
757,Kenya
758,Nicaragua
759,Sweden
760,China
761,United States
762,United States
763,Ukraine
764,United States
765,India
766,Spain
767,United States
768,China
769,China
770,Indonesia
771,Australia
772,Italy
773,England
774,United States
775,Brazil
776,Poland
777,United States
778,Morocco
779,Australia
780,China
781,United States
782,Australia
783,Germany
784,United States
785,Germany
786,England
787,United States
788,Guinea
789,England
790,France
791,Guinea
792,United States
793,China
794,Australia
795,England
796,India
797,United States
798,United States
799,Kenya
800,United States
801,United States
802,Mexico
803,France
804,Mexico
805,United States
806,Guinea
807,United States
808,Guinea
809,China
810,United States
811,England
812,France
813,Belgium
814,China
815,China
816,United States
817,India
818,Peru
819,Malta
820,China
821,Germany
822,India
823,Mexico
824,United States
825,Italy
826,Italy
827,United States
828,Libya
829,Philippines
830,Guinea
831,England
832,France
833,United States
834,Bahamas
835,United States
836,Norway
837,United States
838,Russia
839,United States
840,United States
841,China
842,Russia
843,France
844,United States
845,Canada
846,France
847,United States
848,Philippines
849,Canada
850,United States
851,United States
852,United States
853,China
854,China
855,United States
856,India
857,Ireland
858,Malta
859,China
860,Liberia
861,India
862,United States
863,United States
864,Norway
865,Italy
866,Panama
867,Niger
868,United States
869,France
870,United States
871,United States
872,China
873,Ecuador
874,United States
875,Panama
876,United States
877,Mexico
878,Norway
879,United States
880,Malta
881,France
882,United States
883,Egypt
884,Canada
885,Denmark
886,France
887,United States
888,Gambia
889,United States
890,Canada
891,Belgium
892,United States
893,Libya
894,China
895,United States
896,United States
897,Brazil
898,United States
899,United States
900,Netherlands
901,United States
902,Morocco
903,United States
904,India
905,Egypt
906,France
907,Russia
908,United States
909,United States
910,Mexico
911,Netherlands
912,United States
913,Costa Rica
914,Argentina
915,Iran
916,Japan
917,United States
918,Philippines
919,United States
920,Brazil
921,United States
922,China
923,China
924,China
925,United States
926,Ireland
927,India
928,Brazil
929,China
930,United States
931,England
932,China
933,United States
934,Mexico
935,Colombia
936,England
937,China
938,United States
939,Denmark
940,China
941,Portugal
942,United States
943,Spain
944,United States
945,Colombia
946,Italy
947,China
948,China
949,Georgia
950,Italy
951,Colombia
952,France
953,Colombia
954,Sri Lanka
955,Venezuela
956,Senegal
957,Georgia
958,Canada
959,Costa Rica
960,United States
961,Russia
962,United States
963,Japan
964,Iceland
965,United States
966,France
967,Brazil
968,United States
969,Syria
970,United States
971,Cameroon
972,United States
973,France
974,Iran
975,Argentina
976,China
977,Argentina
978,United States
979,United States
980,Sweden
981,Romania
982,United States
983,Bahrain
984,Norway
985,United States
986,United States
987,Spain
988,United States
989,United States
990,Greece
991,United States
992,India
993,Philippines
994,Mexico
995,France
996,United States
997,Italy
998,Romania
999,United States
1000,United States
1001,United States
1002,Italy
1003,United States
1004,United States
1005,United States
1006,Russia
1007,China
1008,India
1009,Mexico
1010,France
1011,England
1012,Georgia
1013,Algeria
1014,Dominica
1015,United States
1016,China
1017,United States
1018,United States
1019,United States
1020,Indonesia
1021,Germany
1022,Italy
1023,France
1024,Philippines
1025,United States
1026,Brazil
1027,France
1028,England
1029,Iceland
1030,United States
1031,United States
1032,Brazil
1033,Colombia
1034,France
1035,Germany
1036,Niger
1037,Ireland
1038,Guinea
1039,Russia
1040,France
1041,Congo
1042,South Africa
1043,United States
1044,England
1045,Russia
1046,Spain
1047,United States
1048,United States
1049,China
1050,Venezuela
1051,Belgium
1052,England
1053,China
1054,Brazil
1055,United States
1056,Canada
1057,Argentina
1058,China
1059,Pakistan
1060,United States
1061,New Zealand
1062,Venezuela
1063,United States
1064,Belgium
1065,Australia
1066,Kazakhstan
1067,Norway
1068,Azerbaijan
1069,United States
1070,New Zealand
1071,Georgia
1072,Canada
1073,England
1074,United States
1075,Australia
1076,England
1077,Russia
1078,Pakistan
1079,China
1080,Italy
1081,Taiwan
1082,Colombia
1083,Greece
1084,United States
1085,Spain
1086,United States
1087,Italy
1088,United States
1089,Brazil
1090,United States
1091,Brazil
1092,Egypt
1093,India
1094,United States
1095,United States
1096,United States
1097,United States
1098,United States
1099,Libya
1100,Colombia
1101,Denmark
1102,Peru
1103,England
1104,Peru
1105,United States
1106,Australia
1107,Germany
1108,New Zealand
1109,Russia
1110,Italy
1111,England
1112,United States
1113,Russia
1114,Greece
1115,Brazil
1116,United States
1117,Italy
1118,Australia
1119,United States
1120,India
1121,India
1122,United States
1123,Russia
1124,United States
1125,Brazil
1126,Brazil
1127,Ecuador
1128,Oman
1129,Colombia
1130,Ireland
1131,England
1132,United States
1133,United States
1134,Canada
1135,Mexico
1136,Argentina
1137,United States
1138,United States
1139,United States
1140,United States
1141,India
1142,Norway
1143,Colombia
1144,United States
1145,France
1146,Brazil
1147,United States
1148,China
1149,China
1150,United States
1151,Pakistan
1152,Mexico
1153,France
1154,Pakistan
1155,Russia
1156,Spain
1157,Bolivia
1158,Madagascar
1159,Philippines
1160,United States
1161,United States
1162,United States
1163,United States
1164,Vietnam
1165,United States
1166,Turkey
1167,France
1168,India
1169,England
1170,Colombia
1171,Japan
1172,Ecuador
1173,United States
1174,United States
1175,Colombia
1176,United States
1177,Brazil
1178,United States
1179,Colombia
1180,Bahrain
1181,Bahrain
1182,Bahrain
1183,United States
1184,Australia
1185,United States
1186,Morocco
1187,India
1188,Angola
1189,United States
1190,Japan
1191,Brazil
1192,Algeria
1193,Brazil
1194,Russia
1195,United States
1196,United States
1197,Malaysia
1198,Egypt
1199,United States
1200,Iran
1201,Marshall Islands
1202,United States
1203,Sweden
1204,Japan
1205,Morocco
1206,United States
1207,England
1208,England
1209,France
1210,United States
1211,France
1212,Indonesia
1213,United States
1214,Peru
1215,Bhutan
1216,Iran
1217,United States
1218,France
1219,India
1220,Brazil
1221,Brazil
1222,Venezuela
1223,Philippines
1224,Canada
1225,Argentina
1226,South Africa
1227,Thailand
1228,United States
1229,United States
1230,Italy
1231,Peru
1232,Taiwan
1233,Iceland
1234,Portugal
1235,Cameroon
1236,Colombia
1237,United States
1238,United States
1239,Colombia
1240,Brazil
1241,United States
1242,Russia
1243,Argentina
1244,England
1245,Colombia
1246,United States
1247,United States
1248,United States
1249,United States
1250,India
1251,Mexico
1252,France
1253,Brazil
1254,United States
1255,Brazil
1256,Colombia
1257,Liberia
1258,United States
1259,United States
1260,England
1261,India
1262,Brazil
1263,Guinea
1264,China
1265,United States
1266,Mali
1267,Bolivia
1268,Australia
1269,France
1270,Brazil
1271,United States
1272,Brazil
1273,Spain
1274,United States
1275,India
1276,United States
1277,Bolivia
1278,Mexico
1279,South Africa
1280,United States
1281,Canada
1282,United States
1283,Guatemala
1284,Mexico
1285,France
1286,Poland
1287,Russia
1288,Egypt
1289,India
1290,Switzerland
1291,Mexico
1292,United States
1293,Guinea
1294,United States
1295,Iran
1296,Russia
1297,United States
1298,United States
1299,United States
1300,India
1301,Madagascar
1302,Ireland
1303,Canada
1304,United States
1305,Congo
1306,Japan
1307,United States
1308,Italy
1309,India
1310,Cameroon
1311,Brazil
1312,France
1313,Philippines
1314,United States
1315,Canada
1316,Germany
1317,United States
1318,Russia
1319,Venezuela
1320,Philippines
1321,United States
1322,Japan
1323,India
1324,United States
1325,United States
1326,Brazil
1327,India
1328,Norway
1329,Malaysia
1330,Brazil
1331,Brazil
1332,Mauritania
1333,United States
1334,England
1335,England
1336,United States
1337,United States
1338,Brazil
1339,Brazil
1340,Italy
1341,Pakistan
1342,Sudan
1343,England
1344,Panama
1345,Sudan
1346,Russia
1347,United States
1348,Brazil
1349,United States
1350,United States
1351,Chad
1352,United States
1353,United States
1354,United States
1355,United States
1356,United States
1357,United States
1358,United States
1359,United States
1360,United States
1361,United States
1362,Syria
1363,Venezuela
1364,Iran
1365,Taiwan
1366,Ireland
1367,United States
1368,United States
1369,Italy
1370,Italy
1371,Canada
1372,Vietnam
1373,France
1374,Egypt
1375,United States
1376,Pakistan
1377,United States
1378,India
1379,Vietnam
1380,United States
1381,United States
1382,United States
1383,Brazil
1384,United States
1385,Madagascar
1386,Brazil
1387,Jamaica
1388,India
1389,United States
1390,Vietnam
1391,United States
1392,India
1393,England
1394,India
1395,Canada
1396,United States
1397,United States
1398,Netherlands
1399,Russia
1400,Georgia
1401,Costa Rica
1402,Chile
1403,China
1404,Brazil
1405,Japan
1406,United States
1407,United States
1408,United States
1409,Turkey
1410,United Arab Emirates
1411,United States
1412,United States
1413,France
1414,United States
1415,Honduras
1416,Mexico
1417,United States
1418,Turkey
1419,United States
1420,Germany
1421,Vietnam
1422,United States
1423,Mexico
1424,Russia
1425,United States
1426,Russia
1427,Bolivia
1428,United States
1429,Spain
1430,India
1431,Guatemala
1432,Egypt
1433,United States
1434,Switzerland
1435,Syria
1436,Afghanistan
1437,Turkey
1438,England
1439,Italy
1440,Colombia
1441,Czech Republic
1442,United States
1443,Italy
1444,United States
1445,Japan
1446,United States
1447,Malta
1448,India
1449,United States
1450,France
1451,Vietnam
1452,Singapore
1453,Australia
1454,United States
1455,Mexico
1456,Turkey
1457,Vietnam
1458,Italy
1459,Canada
1460,Chile
1461,Laos
1462,Argentina
1463,India
1464,New Zealand
1465,Brazil
1466,Slovenia
1467,Brazil
1468,Vietnam
1469,England
1470,Brazil
1471,China
1472,United States
1473,Portugal
1474,Vietnam
1475,Laos
1476,United States
1477,United States
1478,Russia
1479,United States
1480,Ireland
1481,Brazil
1482,Egypt
1483,Russia
1484,Italy
1485,Russia
1486,United States
1487,Australia
1488,Peru
1489,United States
1490,Laos
1491,Slovakia
1492,United States
1493,Venezuela
1494,United States
1495,United States
1496,Russia
1497,United States
1498,Ireland
1499,United States
1500,Canada
1501,United States
1502,Colombia
1503,India
1504,Niger
1505,Italy
1506,Mexico
1507,Zimbabwe
1508,Argentina
1509,Brazil
1510,United States
1511,Mexico
1512,Colombia
1513,United States
1514,United States
1515,United States
1516,United States
1517,United States
1518,United States
1519,Cameroon
1520,Kenya
1521,Venezuela
1522,Canada
1523,Cameroon
1524,Paraguay
1525,Mexico
1526,Mexico
1527,United States
1528,Bulgaria
1529,United States
1530,Russia
1531,Germany
1532,Brazil
1533,Nepal
1534,Myanmar
1535,United States
1536,Cameroon
1537,Canada
1538,Libya
1539,United States
1540,Canada
1541,Peru
1542,United States
1543,Austria
1544,United States
1545,United States
1546,United States
1547,Japan
1548,United States
1549,Brazil
1550,Russia
1551,United States
1552,Brazil
1553,United States
1554,Australia
1555,Canada
1556,United States
1557,France
1558,Canada
1559,Canada
1560,United States
1561,Malta
1562,Egypt
1563,Syria
1564,Pakistan
1565,India
1566,England
1567,India
1568,Thailand
1569,United States
1570,United States
1571,United States
1572,Brazil
1573,England
1574,Nepal
1575,Canada
1576,Guatemala
1577,United States
1578,United States
1579,Niger
1580,United States
1581,United States
1582,United States
1583,Ireland
1584,Argentina
1585,United States
1586,United States
1587,Jordan
1588,United States
1589,United States
1590,England
1591,United States
1592,India
1593,United States
1594,England
1595,Norway
1596,Nicaragua
1597,Colombia
1598,France
1599,Switzerland
1600,Venezuela
1601,Colombia
1602,Canada
1603,France
1604,Germany
1605,Italy
1606,Saudi Arabia
1607,United States
1608,Argentina
1609,Nicaragua
1610,France
1611,United States
1612,United States
1613,United States
1614,United States
1615,Japan
1616,England
1617,Colombia
1618,England
1619,Philippines
1620,Bolivia
1621,United States
1622,Brazil
1623,Algeria
1624,Brazil
1625,Mexico
1626,Jordan
1627,Iraq
1628,England
1629,India
1630,Spain
1631,United States
1632,India
1633,Argentina
1634,Russia
1635,Switzerland
1636,United States
1637,Canada
1638,Australia
1639,Pakistan
1640,Canada
1641,Indonesia
1642,Taiwan
1643,United States
1644,Canada
1645,Denmark
1646,India
1647,Honduras
1648,Venezuela
1649,United States
1650,Uruguay
1651,India
1652,United States
1653,Russia
1654,Lebanon
1655,Brazil
1656,Ireland
1657,Spain
1658,Mexico
1659,Germany
1660,Russia
1661,England
1662,United States
1663,England
1664,Spain
1665,New Zealand
1666,Argentina
1667,Canada
1668,Philippines
1669,Russia
1670,England
1671,United States
1672,Argentina
1673,Brazil
1674,Bolivia
1675,Brazil
1676,United States
1677,Germany
1678,Italy
1679,United States
1680,Egypt
1681,United States
1682,England
1683,Egypt
1684,United States
1685,Mexico
1686,Nepal
1687,United States
1688,United States
1689,Ecuador
1690,United States
1691,Ecuador
1692,Spain
1693,United States
1694,India
1695,France
1696,Morocco
1697,United States
1698,India
1699,Brazil
1700,Algeria
1701,Philippines
1702,Mexico
1703,United States
1704,Russia
1705,Brazil
1706,India
1707,United States
1708,United States
1709,Libya
1710,Brazil
1711,Japan
1712,Ireland
1713,United States
1714,Russia
1715,Russia
1716,United States
1717,England
1718,Brazil
1719,Russia
1720,United States
1721,Japan
1722,France
1723,Russia
1724,United States
1725,United States
1726,Venezuela
1727,Bolivia
1728,Russia
1729,Canada
1730,Italy
1731,Cuba
1732,Italy
1733,Bolivia
1734,United States
1735,United States
1736,Spain
1737,United States
1738,England
1739,Zimbabwe
1740,Brazil
1741,Guatemala
1742,United States
1743,Brazil
1744,United States
1745,Argentina
1746,Russia
1747,Venezuela
1748,Jordan
1749,Italy
1750,United States
1751,United States
1752,United States
1753,England
1754,Chile
1755,Nicaragua
1756,India
1757,Spain
1758,Central African Republic
1759,India
1760,Georgia
1761,Mexico
1762,Turkey
1763,Spain
1764,Spain
1765,United States
1766,United States
1767,Peru
1768,United States
1769,Peru
1770,Nicaragua
1771,United States
1772,United States
1773,Peru
1774,Italy
1775,United States
1776,Kuwait
1777,India
1778,Pakistan
1779,United States
1780,Spain
1781,Paraguay
1782,United States
1783,Mexico
1784,Honduras
1785,Brazil
1786,United States
1787,France
1788,United States
1789,Suriname
1790,Russia
1791,United States
1792,United States
1793,Greece
1794,Canada
1795,Ukraine
1796,Mexico
1797,Lebanon
1798,United States
1799,United States
1800,Colombia
1801,Uzbekistan
1802,United States
1803,Italy
1804,Brazil
1805,Indonesia
1806,Bolivia
1807,India
1808,Bolivia
1809,United States
1810,United States
1811,Turkey
1812,United States
1813,Australia
1814,Bolivia
1815,Brazil
1816,Ukraine
1817,Ireland
1818,Colombia
1819,Japan
1820,India
1821,Colombia
1822,Nicaragua
1823,Brazil
1824,Taiwan
1825,United States
1826,Colombia
1827,United States
1828,Congo
1829,Venezuela
1830,Sudan
1831,Argentina
1832,Georgia
1833,Georgia
1834,Australia
1835,United States
1836,Brazil
1837,United States
1838,United States
1839,Ecuador
1840,Philippines
1841,Ethiopia
1842,Denmark
1843,United States
1844,Russia
1845,United States
1846,Italy
1847,Bolivia
1848,Ukraine
1849,Morocco
1850,Greece
1851,Senegal
1852,Russia
1853,Uruguay
1854,United States
1855,United States
1856,Canada
1857,Russia
1858,Mexico
1859,Italy
1860,United States
1861,Italy
1862,United States
1863,Russia
1864,United States
1865,United States
1866,United States
1867,Nepal
1868,Ecuador
1869,Philippines
1870,Russia
1871,Brazil
1872,Argentina
1873,United States
1874,Germany
1875,Philippines
1876,Russia
1877,United States
1878,Finland
1879,United States
1880,United States
1881,Indonesia
1882,United States
1883,United States
1884,Indonesia
1885,Belgium
1886,Venezuela
1887,Brazil
1888,Germany
1889,Chile
1890,United States
1891,Algeria
1892,United States
1893,Singapore
1894,Portugal
1895,Egypt
1896,Cameroon
1897,Niger
1898,Argentina
1899,Russia
1900,Ukraine
1901,United States
1902,Morocco
1903,Argentina
1904,United States
1905,Hungary
1906,Norway
1907,United States
1908,United States
1909,Ethiopia
1910,Brazil
1911,Costa Rica
1912,Ireland
1913,Morocco
1914,United States
1915,Zambia
1916,Turkey
1917,France
1918,Libya
1919,United States
1920,Brazil
1921,United States
1922,United States
1923,New Zealand
1924,Zimbabwe
1925,United States
1926,Brazil
1927,Australia
1928,Germany
1929,Belgium
1930,Nicaragua
1931,Russia
1932,Turkey
1933,United States
1934,Indonesia
1935,Russia
1936,Ethiopia
1937,Bolivia
1938,United States
1939,Peru
1940,Venezuela
1941,Colombia
1942,Jamaica
1943,Cameroon
1944,South Africa
1945,France
1946,Italy
1947,Turkey
1948,United States
1949,United States
1950,Algeria
1951,Cuba
1952,Colombia
1953,United States
1954,Colombia
1955,England
1956,United States
1957,Brazil
1958,United States
1959,Egypt
1960,Kenya
1961,United States
1962,Germany
1963,Russia
1964,France
1965,Bulgaria
1966,United States
1967,Russia
1968,United States
1969,Uzbekistan
1970,India
1971,Italy
1972,Pakistan
1973,India
1974,Thailand
1975,United States
1976,Russia
1977,France
1978,Nepal
1979,Brazil
1980,Colombia
1981,Peru
1982,Japan
1983,United States
1984,United States
1985,Bolivia
1986,United States
1987,United States
1988,Russia
1989,United States
1990,India
1991,United States
1992,Canada
1993,United States
1994,Philippines
1995,Spain
1996,United States
1997,Russia
1998,Vietnam
1999,Japan
2000,United States
2001,United States
2002,France
2003,Brazil
2004,Peru
2005,United States
2006,Colombia
2007,Brazil
2008,United States
2009,Poland
2010,United States
2011,Brazil
2012,Netherlands
2013,France
2014,United States
2015,Russia
2016,Brazil
2017,United States
2018,United States
2019,United States
2020,United States
2021,Turkey
2022,United States
2023,Russia
2024,United States
2025,Canada
2026,United States
2027,Philippines
2028,Turkmenistan
2029,United States
2030,Iran
2031,Peru
2032,Italy
2033,Japan
2034,Italy
2035,Russia
2036,Norway
2037,Brazil
2038,Cameroon
2039,Egypt
2040,United States
2041,India
2042,United States
2043,Chile
2044,Hungary
2045,Germany
2046,Brazil
2047,United States
2048,New Zealand
2049,Russia
2050,Madagascar
2051,Laos
2052,India
2053,Brazil
2054,United States
2055,France
2056,United States
2057,Japan
2058,Russia
2059,Russia
2060,United States
2061,Laos
2062,Switzerland
2063,India
2064,France
2065,United States
2066,France
2067,Jamaica
2068,Egypt
2069,Russia
2070,England
2071,Finland
2072,Canada
2073,United States
2074,United States
2075,Afghanistan
2076,Egypt
2077,United States
2078,Argentina
2079,Turkey
2080,United States
2081,Bolivia
2082,India
2083,Philippines
2084,United States
2085,Japan
2086,Austria
2087,United States
2088,India
2089,United States
2090,Colombia
2091,United States
2092,United States
2093,United States
2094,Italy
2095,United States
2096,Somalia
2097,Saudi Arabia
2098,United States
2099,United States
2100,United States
2101,Peru
2102,Spain
2103,Philippines
2104,Philippines
2105,Brazil
2106,United States
2107,Taiwan
2108,Spain
2109,United States
2110,United States
2111,Germany
2112,United States
2113,United States
2114,Bolivia
2115,Russia
2116,Thailand
2117,Brazil
2118,Colombia
2119,Ethiopia
2120,Spain
2121,Romania
2122,United States
2123,United States
2124,United States
2125,United States
2126,Canada
2127,Sweden
2128,Italy
2129,Congo
2130,Bolivia
2131,Vietnam
2132,Philippines
2133,Peru
2134,United States
2135,Costa Rica
2136,United States
2137,Russia
2138,Kazakhstan
2139,United States
2140,Mexico
2141,Greece
2142,Chile
2143,United States
2144,Azerbaijan
2145,United States
2146,Russia
2147,Russia
2148,Philippines
2149,Canada
2150,Canada
2151,Russia
2152,Colombia
2153,United States
2154,Pakistan
2155,Morocco
2156,Syria
2157,United States
2158,United States
2159,Spain
2160,Egypt
2161,Canada
2162,Georgia
2163,United States
2164,United States
2165,United States
2166,England
2167,Egypt
2168,Canada
2169,United States
2170,United States
2171,Philippines
2172,Panama
2173,Brazil
2174,United States
2175,Belgium
2176,United States
2177,United States
2178,United States
2179,Ethiopia
2180,Vietnam
2181,Ecuador
2182,United States
2183,Vietnam
2184,Pakistan
2185,Colombia
2186,Vietnam
2187,Philippines
2188,England
2189,United States
2190,Costa Rica
2191,United States
2192,Colombia
2193,Russia
2194,United States
2195,United States
2196,United States
2197,United States
2198,United States
2199,Vietnam
2200,Philippines
2201,Indonesia
2202,Russia
2203,Colombia
2204,Uzbekistan
2205,Colombia
2206,Spain
2207,Haiti
2208,Switzerland
2209,Vietnam
2210,Germany
2211,Japan
2212,India
2213,India
2214,Russia
2215,Russia
2216,Italy
2217,Japan
2218,Japan
2219,Greece
2220,United States
2221,Egypt
2222,Paraguay
2223,United States
2224,Azerbaijan
2225,Peru
2226,Vietnam
2227,Canada
2228,Philippines
2229,New Zealand
2230,Chile
2231,United States
2232,Pakistan
2233,India
2234,Bolivia
2235,United States
2236,Romania
2237,Argentina
2238,Vietnam
2239,United States
2240,Slovenia
2241,India
2242,Spain
2243,Colombia
2244,Australia
2245,United States
2246,Vietnam
2247,United States
2248,United States
2249,Japan
2250,Germany
2251,United States
2252,Yemen
2253,United States
2254,Vietnam
2255,Colombia
2256,Russia
2257,Colombia
2258,Colombia
2259,Vietnam
2260,Syria
2261,United States
2262,Mexico
2263,Indonesia
2264,Honduras
2265,Philippines
2266,United States
2267,Liberia
2268,Pakistan
2269,United States
2270,Vietnam
2271,United States
2272,Italy
2273,Russia
2274,South Africa
2275,United States
2276,Peru
2277,Algeria
2278,Iran
2279,Cyprus
2280,Colombia
2281,Philippines
2282,United States
2283,Canada
2284,Canada
2285,France
2286,England
2287,Saudi Arabia
2288,Mexico
2289,Ireland
2290,Brazil
2291,Vietnam
2292,United States
2293,United States
2294,Saudi Arabia
2295,United States
2296,Philippines
2297,United States
2298,United States
2299,Laos
2300,Laos
2301,Canada
2302,Vietnam
2303,Greece
2304,Vietnam
2305,Brazil
2306,England
2307,China
2308,United States
2309,Russia
2310,United States
2311,Vietnam
2312,Laos
2313,Peru
2314,United States
2315,United States
2316,Thailand
2317,Latvia
2318,Russia
2319,Vietnam
2320,United States
2321,Egypt
2322,United States
2323,Canada
2324,India
2325,Taiwan
2326,Laos
2327,Russia
2328,Vietnam
2329,United States
2330,Philippines
2331,United States
2332,Ireland
2333,United States
2334,Russia
2335,England
2336,Chile
2337,Mexico
2338,Vietnam
2339,Namibia
2340,Pakistan
2341,United States
2342,Vietnam
2343,United States
2344,India
2345,India
2346,Spain
2347,Vietnam
2348,United States
2349,England
2350,Saudi Arabia
2351,Niger
2352,Brazil
2353,United States
2354,Italy
2355,United States
2356,Germany
2357,United States
2358,United States
2359,Egypt
2360,Venezuela
2361,Norway
2362,Bulgaria
2363,United States
2364,France
2365,Niger
2366,Costa Rica
2367,United States
2368,Brazil
2369,Vietnam
2370,United States
2371,United States
2372,United States
2373,Laos
2374,United States
2375,Venezuela
2376,United States
2377,United States
2378,United States
2379,Mexico
2380,United States
2381,Mexico
2382,Australia
2383,United States
2384,Taiwan
2385,England
2386,United States
2387,United States
2388,Vietnam
2389,United States
2390,United States
2391,Taiwan
2392,United States
2393,United States
2394,United States
2395,Venezuela
2396,Egypt
2397,United States
2398,Poland
2399,Vietnam
2400,Bahamas
2401,Canada
2402,United States
2403,United States
2404,Pakistan
2405,Ghana
2406,Vietnam
2407,United States
2408,United States
2409,Italy
2410,Mexico
2411,United States
2412,Russia
2413,Kyrgyzstan
2414,Georgia
2415,Nepal
2416,United States
2417,United States
2418,Algeria
2419,United States
2420,Ukraine
2421,Niger
2422,Laos
2423,Ecuador
2424,Russia
2425,Russia
2426,United States
2427,Russia
2428,Laos
2429,Ecuador
2430,Colombia
2431,India
2432,Philippines
2433,Brazil
2434,Canada
2435,Vietnam
2436,Mexico
2437,Bolivia
2438,Niger
2439,United States
2440,Russia
2441,Canada
2442,Russia
2443,United States
2444,Niger
2445,Venezuela
2446,Mexico
2447,Russia
2448,Greece
2449,Russia
2450,Vietnam
2451,Laos
2452,Sweden
2453,Greece
2454,Samoa
2455,Peru
2456,India
2457,Mexico
2458,Russia
2459,United States
2460,Russia
2461,Romania
2462,Argentina
2463,United States
2464,United States
2465,Colombia
2466,Dominica
2467,Congo
2468,Switzerland
2469,Switzerland
2470,Brazil
2471,Vietnam
2472,United States
2473,Russia
2474,Morocco
2475,Ukraine
2476,Philippines
2477,Italy
2478,Guinea
2479,United States
2480,United States
2481,Somalia
2482,Philippines
2483,United States
2484,United States
2485,Honduras
2486,Georgia
2487,Libya
2488,Philippines
2489,Peru
2490,United States
2491,Spain
2492,Canada
2493,United States
2494,Japan
2495,United States
2496,Pakistan
2497,Peru
2498,Taiwan
2499,Vietnam
2500,India
2501,Netherlands
2502,Ukraine
2503,Ukraine
2504,United States
2505,United States
2506,Denmark
2507,Vietnam
2508,United States
2509,Taiwan
2510,United States
2511,South Africa
2512,United States
2513,United States
2514,United States
2515,Vietnam
2516,United States
2517,Vietnam
2518,Bangladesh
2519,India
2520,Romania
2521,United States
2522,Pakistan
2523,Algeria
2524,United States
2525,Libya
2526,United States
2527,Switzerland
2528,Peru
2529,France
2530,United States
2531,United States
2532,Venezuela
2533,Russia
2534,Ecuador
2535,India
2536,United States
2537,Ukraine
2538,Philippines
2539,United States
2540,Guatemala
2541,United States
2542,Chile
2543,United States
2544,United States
2545,United States
2546,United States
2547,Chile
2548,United States
2549,Japan
2550,Mali
2551,Philippines
2552,Russia
2553,France
2554,Japan
2555,United States
2556,Germany
2557,United States
2558,Denmark
2559,United States
2560,Germany
2561,Russia
2562,Ukraine
2563,Bulgaria
2564,Brazil
2565,Belgium
2566,Russia
2567,United States
2568,Colombia
2569,United States
2570,Vietnam
2571,United States
2572,Italy
2573,Indonesia
2574,Russia
2575,Taiwan
2576,Vietnam
2577,Russia
2578,United States
2579,Sudan
2580,India
2581,Bulgaria
2582,Peru
2583,Mexico
2584,Spain
2585,Colombia
2586,Colombia
2587,Czech Republic
2588,Indonesia
2589,Laos
2590,Colombia
2591,Laos
2592,United States
2593,United Arab Emirates
2594,Yemen
2595,Brazil
2596,Italy
2597,United States
2598,Ethiopia
2599,Peru
2600,Laos
2601,United States
2602,Italy
2603,Venezuela
2604,Vietnam
2605,Russia
2606,Ukraine
2607,Angola
2608,Germany
2609,Brazil
2610,United States
2611,United States
2612,Vietnam
2613,Chile
2614,Vietnam
2615,India
2616,Vietnam
2617,England
2618,United States
2619,United States
2620,United States
2621,Spain
2622,Vietnam
2623,Norway
2624,Greece
2625,Colombia
2626,India
2627,Vietnam
2628,Germany
2629,United States
2630,Venezuela
2631,Guinea
2632,Russia
2633,Guinea
2634,Bolivia
2635,Ethiopia
2636,Nepal
2637,United States
2638,Vietnam
2639,United States
2640,Cambodia
2641,Chile
2642,United States
2643,United States
2644,Greece
2645,Vanuatu
2646,France
2647,Italy
2648,Vietnam
2649,Bulgaria
2650,United States
2651,Russia
2652,United States
2653,Pakistan
2654,United States
2655,United States
2656,Netherlands
2657,Norway
2658,United States
2659,United States
2660,Canada
2661,United States
2662,Russia
2663,Niger
2664,Honduras
2665,Cyprus
2666,United States
2667,United States
2668,Panama
2669,Egypt
2670,Russia
2671,Kazakhstan
2672,Indonesia
2673,United States
2674,France
2675,India
2676,Vietnam
2677,Switzerland
2678,United States
2679,Afghanistan
2680,United States
2681,United States
2682,Cambodia
2683,Canada
2684,India
2685,Brazil
2686,France
2687,Brazil
2688,Mexico
2689,Jordan
2690,Russia
2691,Russia
2692,France
2693,United States
2694,United States
2695,United States
2696,United States
2697,Spain
2698,Haiti
2699,Azerbaijan
2700,Colombia
2701,Colombia
2702,Spain
2703,United States
2704,United States
2705,United States
2706,United States
2707,United States
2708,Brazil
2709,Russia
2710,Russia
2711,Russia
2712,Brazil
2713,Colombia
2714,United States
2715,Mexico
2716,Vietnam
2717,United States
2718,United States
2719,Italy
2720,Vietnam
2721,Morocco
2722,Ukraine
2723,South Africa
2724,Italy
2725,United States
2726,Bolivia
2727,Ukraine
2728,Colombia
2729,Bolivia
2730,Colombia
2731,Turkey
2732,Samoa
2733,United States
2734,United States
2735,United States
2736,Bolivia
2737,France
2738,Vietnam
2739,United States
2740,Iran
2741,Botswana
2742,Indonesia
2743,United States
2744,United States
2745,Ecuador
2746,Germany
2747,United States
2748,Ukraine
2749,Canada
2750,Colombia
2751,United States
2752,United States
2753,Colombia
2754,Vietnam
2755,Canada
2756,United States
2757,Colombia
2758,Venezuela
2759,United States
2760,Indonesia
2761,Greece
2762,United States
2763,Vietnam
2764,Philippines
2765,United States
2766,United States
2767,Russia
2768,Philippines
2769,Kenya
2770,Ethiopia
2771,Spain
2772,United States
2773,United States
2774,Russia
2775,Sri Lanka
2776,United States
2777,Vietnam
2778,Uzbekistan
2779,Venezuela
2780,Romania
2781,Guatemala
2782,Vietnam
2783,Colombia
2784,United States
2785,United States
2786,Laos
2787,Turkey
2788,Dominica
2789,United States
2790,Philippines
2791,United States
2792,United States
2793,Colombia
2794,Brazil
2795,Vietnam
2796,Argentina
2797,Sudan
2798,Russia
2799,United States
2800,Vietnam
2801,Thailand
2802,Philippines
2803,Brazil
2804,United States
2805,United States
2806,Colombia
2807,Georgia
2808,Taiwan
2809,Morocco
2810,Honduras
2811,United States
2812,Russia
2813,United States
2814,Syria
2815,United States
2816,Germany
2817,Ethiopia
2818,Indonesia
2819,Lebanon
2820,Colombia
2821,Russia
2822,Australia
2823,Bolivia
2824,United States
2825,Mexico
2826,Georgia
2827,Guatemala
2828,Ukraine
2829,Bulgaria
2830,Egypt
2831,England
2832,United States
2833,Saudi Arabia
2834,United States
2835,Russia
2836,Philippines
2837,Bolivia
2838,Ecuador
2839,China
2840,Brazil
2841,Colombia
2842,United States
2843,Russia
2844,United States
2845,Romania
2846,Bolivia
2847,Russia
2848,United States
2849,Colombia
2850,United States
2851,Argentina
2852,Mexico
2853,United States
2854,Philippines
2855,Spain
2856,Ukraine
2857,United States
2858,Equatorial Guinea
2859,United States
2860,Malaysia
2861,Uganda
2862,United States
2863,United States
2864,Iran
2865,Spain
2866,Ecuador
2867,Vietnam
2868,England
2869,United States
2870,Portugal
2871,Russia
2872,United States
2873,Turkey
2874,United States
2875,Kenya
2876,Barbados
2877,Bolivia
2878,India
2879,Brazil
2880,Indonesia
2881,United States
2882,Greece
2883,Russia
2884,United States
2885,Russia
2886,United States
2887,Russia
2888,Thailand
2889,Peru
2890,United States
2891,United States
2892,United States
2893,Canada
2894,Sweden
2895,United States
2896,Slovakia
2897,Russia
2898,Canada
2899,Yemen
2900,Italy
2901,Niger
2902,United States
2903,Indonesia
2904,Russia
2905,Georgia
2906,Colombia
2907,Estonia
2908,Guatemala
2909,Jordan
2910,Lebanon
2911,Zambia
2912,United States
2913,Cuba
2914,Brazil
2915,Uruguay
2916,United States
2917,United States
2918,Ukraine
2919,Angola
2920,Russia
2921,Ethiopia
2922,Chile
2923,Honduras
2924,United States
2925,Costa Rica
2926,United States
2927,United States
2928,Ecuador
2929,United States
2930,United States
2931,United States
2932,Mexico
2933,Romania
2934,Malaysia
2935,United States
2936,Philippines
2937,Mexico
2938,Italy
2939,Portugal
2940,Argentina
2941,France
2942,Lebanon
2943,Malaysia
2944,United States
2945,United States
2946,United States
2947,India
2948,United States
2949,Portugal
2950,United States
2951,Netherlands
2952,Ecuador
2953,India
2954,Colombia
2955,Brazil
2956,Uruguay
2957,United States
2958,Canada
2959,United States
2960,United States
2961,Niger
2962,Venezuela
2963,Bulgaria
2964,United States
2965,United States
2966,United States
2967,United States
2968,Russia
2969,Colombia
2970,United States
2971,Russia
2972,United States
2973,Norway
2974,Canada
2975,Bolivia
2976,United States
2977,United States
2978,Guinea
2979,Canada
2980,Zimbabwe
2981,United States
2982,Mexico
2983,United States
2984,Philippines
2985,United States
2986,Finland
2987,Myanmar
2988,Chile
2989,Russia
2990,United States
2991,Solomon Islands
2992,United States
2993,Egypt
2994,Sri Lanka
2995,United States
2996,India
2997,Venezuela
2998,United States
2999,United States
3000,Italy
3001,India
3002,Italy
3003,United States
3004,Russia
3005,Algeria
3006,France
3007,Japan
3008,Brazil
3009,United States
3010,United States
3011,New Zealand
3012,Ethiopia
3013,United States
3014,United States
3015,China
3016,Qatar
3017,Russia
3018,Angola
3019,Canada
3020,United States
3021,United States
3022,Ecuador
3023,United States
3024,United States
3025,Senegal
3026,United States
3027,India
3028,United States
3029,Indonesia
3030,Fiji
3031,United States
3032,Lebanon
3033,United States
3034,United States
3035,United States
3036,United States
3037,India
3038,Russia
3039,United States
3040,Russia
3041,Russia
3042,Taiwan
3043,United States
3044,Italy
3045,Canada
3046,United States
3047,Canada
3048,Greece
3049,United States
3050,Russia
3051,Mexico
3052,United States
3053,Russia
3054,United States
3055,Saudi Arabia
3056,United States
3057,Colombia
3058,Russia
3059,Bolivia
3060,Colombia
3061,Peru
3062,Turkey
3063,Guinea
3064,Haiti
3065,United States
3066,United States
3067,Iran
3068,Indonesia
3069,United States
3070,Cuba
3071,United States
3072,Australia
3073,India
3074,Philippines
3075,Poland
3076,Turkey
3077,United States
3078,Brazil
3079,Brazil
3080,Russia
3081,Iran
3082,United States
3083,Thailand
3084,Bolivia
3085,Angola
3086,Russia
3087,United States
3088,Italy
3089,Kazakhstan
3090,Mexico
3091,United States
3092,United States
3093,Saudi Arabia
3094,Indonesia
3095,France
3096,Colombia
3097,Bahamas
3098,United States
3099,Saudi Arabia
3100,United States
3101,Afghanistan
3102,Egypt
3103,United States
3104,Colombia
3105,United States
3106,Tanzania
3107,Colombia
3108,Qatar
3109,Germany
3110,United States
3111,Russia
3112,United States
3113,United States
3114,Brazil
3115,Philippines
3116,United States
3117,United States
3118,Poland
3119,Bolivia
3120,United States
3121,United States
3122,Indonesia
3123,Russia
3124,United States
3125,Argentina
3126,Angola
3127,Mexico
3128,Ecuador
3129,Egypt
3130,Russia
3131,England
3132,Armenia
3133,Somalia
3134,Madagascar
3135,Colombia
3136,Mexico
3137,Taiwan
3138,Russia
3139,Colombia
3140,Russia
3141,Colombia
3142,Russia
3143,United States
3144,Turkey
3145,Iran
3146,United States
3147,Netherlands
3148,Austria
3149,United States
3150,Cameroon
3151,Mexico
3152,Russia
3153,Nepal
3154,Saint Lucia
3155,France
3156,United States
3157,Brunei
3158,Colombia
3159,United States
3160,United States
3161,Ethiopia
3162,United States
3163,Romania
3164,Djibouti
3165,United States
3166,India
3167,Philippines
3168,Japan
3169,Colombia
3170,United States
3171,Norway
3172,United States
3173,United States
3174,Indonesia
3175,Colombia
3176,United States
3177,Turkey
3178,China
3179,Thailand
3180,Yemen
3181,United States
3182,United States
3183,Brazil
3184,Indonesia
3185,United States
3186,Brazil
3187,Brazil
3188,India
3189,Indonesia
3190,Belarus
3191,Gabon
3192,Russia
3193,United States
3194,Philippines
3195,United States
3196,United States
3197,Myanmar
3198,Nicaragua
3199,Georgia
3200,Ecuador
3201,Brazil
3202,Germany
3203,Spain
3204,Luxembourg
3205,Taiwan
3206,Angola
3207,Colombia
3208,United States
3209,Chile
3210,Nicaragua
3211,Russia
3212,China
3213,United States
3214,United States
3215,Turkey
3216,United States
3217,Brazil
3218,Afghanistan
3219,Venezuela
3220,United States
3221,United States
3222,Sudan
3223,Russia
3224,Japan
3225,Japan
3226,Ecuador
3227,United States
3228,Thailand
3229,Bahamas
3230,Russia
3231,Indonesia
3232,United States
3233,Taiwan
3234,United States
3235,United States
3236,Mali
3237,United States
3238,Guinea
3239,Ecuador
3240,United States
3241,Canada
3242,United States
3243,United States
3244,Russia
3245,Canada
3246,China
3247,United States
3248,Taiwan
3249,Brazil
3250,Myanmar
3251,United States
3252,United States
3253,Angola
3254,Canada
3255,Spain
3256,Niger
3257,Spain
3258,Colombia
3259,Canada
3260,Russia
3261,Jordan
3262,Russia
3263,United States
3264,Bulgaria
3265,Bolivia
3266,Russia
3267,India
3268,Ethiopia
3269,El Salvador
3270,United States
3271,Colombia
3272,Bolivia
3273,Bolivia
3274,United States
3275,United States
3276,Brazil
3277,Egypt
3278,United States
3279,United States
3280,United States
3281,Brazil
3282,Philippines
3283,Italy
3284,Samoa
3285,United States
3286,Pakistan
3287,Bangladesh
3288,United States
3289,Indonesia
3290,United States
3291,Cameroon
3292,Guinea
3293,United States
3294,United States
3295,Poland
3296,Ecuador
3297,Afghanistan
3298,Canada
3299,Russia
3300,Canada
3301,Afghanistan
3302,Philippines
3303,Peru
3304,United States
3305,United States
3306,Peru
3307,Nepal
3308,Russia
3309,Bolivia
3310,United States
3311,China
3312,Cuba
3313,Mexico
3314,United States
3315,Honduras
3316,Colombia
3317,Colombia
3318,Belarus
3319,United States
3320,United States
3321,Spain
3322,Mali
3323,United States
3324,United States
3325,Colombia
3326,Argentina
3327,Thailand
3328,Mexico
3329,Bolivia
3330,United States
3331,Ukraine
3332,Japan
3333,Venezuela
3334,United States
3335,Greece
3336,Brazil
3337,Ireland
3338,Uzbekistan
3339,Colombia
3340,United States
3341,Japan
3342,Indonesia
3343,Yemen
3344,England
3345,United States
3346,United States
3347,Afghanistan
3348,United States
3349,Afghanistan
3350,Ukraine
3351,Georgia
3352,Brazil
3353,Australia
3354,United States
3355,Bolivia
3356,United States
3357,Myanmar
3358,United States
3359,Indonesia
3360,Malta
3361,Angola
3362,Canada
3363,Nepal
3364,United States
3365,Guatemala
3366,United States
3367,Brazil
3368,Mexico
3369,United States
3370,Taiwan
3371,Russia
3372,United States
3373,Indonesia
3374,Canada
3375,United States
3376,Central African Republic
3377,Mozambique
3378,Mexico
3379,Greece
3380,Mexico
3381,Colombia
3382,El Salvador
3383,Taiwan
3384,Sri Lanka
3385,Djibouti
3386,Madagascar
3387,Egypt
3388,United States
3389,United States
3390,Russia
3391,Mozambique
3392,United States
3393,Honduras
3394,Sudan
3395,United States
3396,United States
3397,Pakistan
3398,United States
3399,Brazil
3400,Indonesia
3401,United States
3402,United States
3403,Iran
3404,South Africa
3405,Russia
3406,United States
3407,Pakistan
3408,Nicaragua
3409,Iran
3410,United States
3411,Afghanistan
3412,Germany
3413,China
3414,Saudi Arabia
3415,Fiji
3416,Equatorial Guinea
3417,United States
3418,Ethiopia
3419,United States
3420,Uzbekistan
3421,Guinea
3422,Afghanistan
3423,United States
3424,Kazakhstan
3425,United States
3426,United States
3427,Pakistan
3428,Indonesia
3429,United States
3430,United States
3431,Sudan
3432,United States
3433,Poland
3434,Canada
3435,Bolivia
3436,Indonesia
3437,Indonesia
3438,Afghanistan
3439,Peru
3440,United States
3441,United States
3442,Philippines
3443,United States
3444,Switzerland
3445,Mexico
3446,Chile
3447,United States
3448,Thailand
3449,Brazil
3450,Afghanistan
3451,Egypt
3452,Colombia
3453,Myanmar
3454,Italy
3455,Russia
3456,India
3457,Malawi
3458,United States
3459,United States
3460,India
3461,United States
3462,Rwanda
3463,United States
3464,Peru
3465,Philippines
3466,Brazil
3467,France
3468,United States
3469,United States
3470,Turkey
3471,Bolivia
3472,United States
3473,China
3474,United States
3475,Taiwan
3476,Russia
3477,Panama
3478,Germany
3479,United States
3480,Russia
3481,Cyprus
3482,South Africa
3483,France
3484,United States
3485,Colombia
3486,Egypt
3487,Cyprus
3488,Afghanistan
3489,South Africa
3490,United States
3491,Angola
3492,United States
3493,Norway
3494,United States
3495,Costa Rica
3496,Germany
3497,Argentina
3498,Mozambique
3499,France
3500,Iran
3501,Colombia
3502,United States
3503,Niger
3504,Bulgaria
3505,Afghanistan
3506,Pakistan
3507,Russia
3508,Mexico
3509,United States
3510,United States
3511,Mexico
3512,Thailand
3513,Ecuador
3514,Ethiopia
3515,Pakistan
3516,Brazil
3517,Russia
3518,China
3519,United States
3520,Italy
3521,India
3522,India
3523,Peru
3524,Poland
3525,Finland
3526,France
3527,Libya
3528,Russia
3529,Mauritania
3530,Afghanistan
3531,Armenia
3532,Egypt
3533,United States
3534,England
3535,United States
3536,Myanmar
3537,France
3538,Portugal
3539,Malaysia
3540,United States
3541,Canada
3542,Peru
3543,Canada
3544,India
3545,United States
3546,United States
3547,Brazil
3548,France
3549,Colombia
3550,Colombia
3551,Mexico
3552,Sweden
3553,China
3554,United States
3555,Colombia
3556,Germany
3557,Iran
3558,Peru
3559,Taiwan
3560,Cameroon
3561,Somalia
3562,Georgia
3563,United States
3564,United States
3565,United States
3566,Guinea
3567,Philippines
3568,Afghanistan
3569,Angola
3570,United States
3571,Libya
3572,New Zealand
3573,Greece
3574,Ethiopia
3575,New Zealand
3576,United States
3577,China
3578,Pakistan
3579,Brazil
3580,Cuba
3581,Denmark
3582,United States
3583,Indonesia
3584,Niger
3585,United States
3586,United States
3587,Afghanistan
3588,Afghanistan
3589,India
3590,Canada
3591,United States
3592,Ukraine
3593,Canada
3594,United States
3595,United States
3596,Peru
3597,Russia
3598,Russia
3599,Honduras
3600,United States
3601,China
3602,United States
3603,Liberia
3604,Lesotho
3605,Russia
3606,Albania
3607,United States
3608,Colombia
3609,Angola
3610,Venezuela
3611,United States
3612,United States
3613,Bolivia
3614,United States
3615,Romania
3616,United States
3617,Indonesia
3618,Russia
3619,Costa Rica
3620,United States
3621,Venezuela
3622,Indonesia
3623,United States
3624,Mongolia
3625,Congo
3626,United States
3627,United States
3628,Colombia
3629,Brazil
3630,India
3631,Zambia
3632,United States
3633,India
3634,United States
3635,Honduras
3636,Cuba
3637,Afghanistan
3638,Angola
3639,Norway
3640,Panama
3641,United States
3642,Philippines
3643,Canada
3644,England
3645,Guatemala
3646,Mexico
3647,Germany
3648,Philippines
3649,Philippines
3650,Brazil
3651,Canada
3652,England
3653,Guinea
3654,Afghanistan
3655,Peru
3656,Azerbaijan
3657,Afghanistan
3658,United States
3659,Germany
3660,United States
3661,Canada
3662,United States
3663,Russia
3664,Brazil
3665,United States
3666,China
3667,United States
3668,Bolivia
3669,Cuba
3670,Switzerland
3671,Colombia
3672,Turkmenistan
3673,Thailand
3674,Italy
3675,United States
3676,Kenya
3677,Indonesia
3678,Venezuela
3679,Indonesia
3680,Saudi Arabia
3681,United States
3682,Greece
3683,Ecuador
3684,United States
3685,Chile
3686,Angola
3687,United States
3688,Venezuela
3689,United States
3690,Angola
3691,Saudi Arabia
3692,United States
3693,Uzbekistan
3694,India
3695,Canada
3696,United States
3697,Georgia
3698,United States
3699,Indonesia
3700,United States
3701,Colombia
3702,United States
3703,Iran
3704,Thailand
3705,United States
3706,Angola
3707,Colombia
3708,Finland
3709,Niger
3710,Colombia
3711,Peru
3712,United States
3713,Saudi Arabia
3714,Vanuatu
3715,United States
3716,Romania
3717,India
3718,United States
3719,United States
3720,Indonesia
3721,Malaysia
3722,United States
3723,United States
3724,Djibouti
3725,United States
3726,Russia
3727,United States
3728,Solomon Islands
3729,Colombia
3730,Indonesia
3731,Venezuela
3732,United States
3733,Indonesia
3734,Canada
3735,United States
3736,Russia
3737,Brazil
3738,Russia
3739,United States
3740,United States
3741,Mozambique
3742,Russia
3743,Brazil
3744,Germany
3745,Sweden
3746,Taiwan
3747,France
3748,Azerbaijan
3749,Brazil
3750,Senegal
3751,United States
3752,Argentina
3753,Bolivia
3754,Congo
3755,United States
3756,Greece
3757,Russia
3758,Libya
3759,Taiwan
3760,Kenya
3761,Guinea
3762,United States
3763,United States
3764,Iran
3765,Panama
3766,United States
3767,Brazil
3768,Russia
3769,Sri Lanka
3770,United States
3771,Azerbaijan
3772,Yemen
3773,Georgia
3774,United States
3775,Indonesia
3776,Mexico
3777,United States
3778,Nepal
3779,China
3780,Bolivia
3781,United States
3782,Peru
3783,Canada
3784,Russia
3785,Angola
3786,Peru
3787,Russia
3788,United States
3789,Netherlands
3790,Colombia
3791,Russia
3792,Niger
3793,Nepal
3794,Netherlands
3795,United States
3796,China
3797,Somalia
3798,Indonesia
3799,Russia
3800,Peru
3801,Russia
3802,India
3803,Russia
3804,Vietnam
3805,Dominica
3806,China
3807,United States
3808,Mexico
3809,Congo
3810,Georgia
3811,Portugal
3812,Libya
3813,United States
3814,France
3815,Indonesia
3816,England
3817,Canada
3818,Congo
3819,Indonesia
3820,Iran
3821,Afghanistan
3822,Colombia
3823,Taiwan
3824,United States
3825,Brazil
3826,United States
3827,United States
3828,Venezuela
3829,United States
3830,United States
3831,Mongolia
3832,India
3833,Gambia
3834,Afghanistan
3835,Fiji
3836,Mexico
3837,Colombia
3838,Colombia
3839,Guinea
3840,Indonesia
3841,Georgia
3842,Indonesia
3843,Georgia
3844,United States
3845,China
3846,United States
3847,Malaysia
3848,Nepal
3849,Cuba
3850,Russia
3851,Tajikistan
3852,Poland
3853,Georgia
3854,Georgia
3855,Georgia
3856,New Zealand
3857,China
3858,Norway
3859,Canada
3860,China
3861,Iran
3862,United States
3863,United States
3864,Canada
3865,Senegal
3866,Laos
3867,Philippines
3868,Armenia
3869,Russia
3870,United States
3871,Russia
3872,England
3873,Peru
3874,United States
3875,India
3876,Kenya
3877,United States
3878,United States
3879,United States
3880,Australia
3881,Russia
3882,United States
3883,Netherlands
3884,Rwanda
3885,Ecuador
3886,Iraq
3887,Indonesia
3888,Japan
3889,Brazil
3890,Colombia
3891,Colombia
3892,United States
3893,China
3894,Mexico
3895,Indonesia
3896,United States
3897,United States
3898,Afghanistan
3899,France
3900,Mauritania
3901,United States
3902,United States
3903,France
3904,Congo
3905,Panama
3906,Indonesia
3907,Russia
3908,United States
3909,United States
3910,United States
3911,United States
3912,Morocco
3913,United States
3914,Niger
3915,Canada
3916,Algeria
3917,United States
3918,Russia
3919,Paraguay
3920,Russia
3921,Colombia
3922,Iran
3923,Brazil
3924,Angola
3925,Russia
3926,Russia
3927,India
3928,Mexico
3929,Indonesia
3930,Peru
3931,United States
3932,Guinea
3933,United States
3934,Angola
3935,United States
3936,United States
3937,Angola
3938,Venezuela
3939,Guinea
3940,England
3941,Algeria
3942,Turkey
3943,Iran
3944,United States
3945,Colombia
3946,United States
3947,Nepal
3948,Russia
3949,France
3950,United States
3951,Russia
3952,Romania
3953,Niger
3954,Sri Lanka
3955,Canada
3956,Ecuador
3957,Colombia
3958,United States
3959,England
3960,Colombia
3961,Senegal
3962,New Zealand
3963,Russia
3964,Russia
3965,Angola
3966,Niger
3967,Dominica
3968,Guinea
3969,Guinea
3970,Indonesia
3971,Madagascar
3972,Guinea
3973,South Africa
3974,Indonesia
3975,El Salvador
3976,Colombia
3977,Georgia
3978,United States
3979,United States
3980,Canada
3981,Colombia
3982,Afghanistan
3983,Sri Lanka
3984,Malaysia
3985,Mongolia
3986,United States
3987,Russia
3988,Canada
3989,Indonesia
3990,United States
3991,Argentina
3992,Niger
3993,Sri Lanka
3994,Malaysia
3995,Azerbaijan
3996,Cameroon
3997,Azerbaijan
3998,Russia
3999,Italy
4000,Angola
4001,Colombia
4002,Guinea
4003,Barbados
4004,United States
4005,Niger
4006,Sri Lanka
4007,Paraguay
4008,United States
4009,United States
4010,Afghanistan
4011,United States
4012,Sudan
4013,Angola
4014,Peru
4015,Peru
4016,Turkmenistan
4017,Croatia
4018,Russia
4019,Taiwan
4020,United States
4021,Sudan
4022,Canada
4023,Mexico
4024,United States
4025,Guinea
4026,United Kingdom
4027,Congo
4028,Iran
4029,Australia
4030,Japan
4031,China
4032,United States
4033,Guinea
4034,India
4035,Netherlands
4036,Mexico
4037,United States
4038,Russia
4039,United States
4040,Canada
4041,Canada
4042,United States
4043,Canada
4044,United States
4045,Norway
4046,Netherlands
4047,Peru
4048,Congo
4049,Angola
4050,France
4051,Ecuador
4052,Russia
4053,Brazil
4054,Guatemala
4055,Niger
4056,France
4057,India
4058,Russia
4059,United States
4060,United States
4061,Comoros
4062,Russia
4063,Colombia
4064,Indonesia
4065,United States
4066,Russia
4067,Colombia
4068,United States
4069,United States
4070,India
4071,Samoa
4072,United States
4073,United States
4074,Niger
4075,Senegal
4076,Angola
4077,Israel
4078,Brazil
4079,Guatemala
4080,Angola
4081,Iran
4082,Russia
4083,Honduras
4084,Georgia
4085,United States
4086,Congo
4087,Azerbaijan
4088,Niger
4089,Indonesia
4090,Afghanistan
4091,China
4092,Congo
4093,Mongolia
4094,India
4095,Colombia
4096,Brazil
4097,Cuba
4098,Indonesia
4099,Guinea
4100,Niger
4101,Italy
4102,United States
4103,United States
4104,Taiwan
4105,Venezuela
4106,Cambodia
4107,Malaysia
4108,United States
4109,Namibia
4110,Indonesia
4111,United States
4112,Uruguay
4113,Taiwan
4114,United States
4115,Afghanistan
4116,United States
4117,Russia
4118,Canada
4119,Bolivia
4120,United Arab Emirates
4121,Greece
4122,Indonesia
4123,Greece
4124,Angola
4125,United States
4126,Panama
4127,Czech Republic
4128,Pakistan
4129,Myanmar
4130,Philippines
4131,Italy
4132,Portugal
4133,Spain
4134,Sudan
4135,Taiwan
4136,Kenya
4137,Taiwan
4138,Afghanistan
4139,Philippines
4140,Peru
4141,Mexico
4142,Colombia
4143,Peru
4144,Mauritania
4145,Laos
4146,India
4147,Mongolia
4148,Canada
4149,United States
4150,United Arab Emirates
4151,Argentina
4152,Eritrea
4153,Mexico
4154,England
4155,Spain
4156,Brazil
4157,France
4158,India
4159,Canada
4160,Angola
4161,New Zealand
4162,Nepal
4163,South Africa
4164,Myanmar
4165,Ecuador
4166,Canada
4167,Angola
4168,United States
4169,Pakistan
4170,United States
4171,United States
4172,Sri Lanka
4173,Venezuela
4174,Congo
4175,Armenia
4176,Uganda
4177,Guatemala
4178,Russia
4179,United States
4180,Canada
4181,Thailand
4182,Angola
4183,Angola
4184,Colombia
4185,Angola
4186,Angola
4187,England
4188,Germany
4189,Canada
4190,Australia
4191,Nicaragua
4192,Angola
4193,Guinea
4194,Congo
4195,China
4196,Italy
4197,India
4198,Colombia
4199,Canada
4200,Brazil
4201,Turkey
4202,Colombia
4203,China
4204,Vanuatu
4205,Malaysia
4206,Kenya
4207,United States
4208,Sudan
4209,Philippines
4210,United States
4211,Guinea
4212,Canada
4213,Angola
4214,Myanmar
4215,Colombia
4216,Nepal
4217,Mexico
4218,United States
4219,Japan
4220,Colombia
4221,Fiji
4222,United States
4223,China
4224,Taiwan
4225,Uzbekistan
4226,Argentina
4227,Nepal
4228,Spain
4229,Romania
4230,Brazil
4231,Mexico
4232,Saudi Arabia
4233,Venezuela
4234,United States
4235,United States
4236,Mexico
4237,Kosovo
4238,Russia
4239,Philippines
4240,Kuwait
4241,Portugal
4242,Guatemala
4243,United Kingdom
4244,Afghanistan
4245,Venezuela
4246,Nepal
4247,Turkey
4248,Niger
4249,Switzerland
4250,Libya
4251,Costa Rica
4252,United States
4253,United States
4254,Iran
4255,United States
4256,United States
4257,Russia
4258,Panama
4259,Canada
4260,Spain
4261,Sri Lanka
4262,Angola
4263,Sri Lanka
4264,United States
4265,Philippines
4266,Congo
4267,Guinea
4268,France
4269,Guyana
4270,United States
4271,Gabon
4272,United States
4273,Philippines
4274,Australia
4275,Ghana
4276,China
4277,United States
4278,Japan
4279,Philippines
4280,Mexico
4281,Colombia
4282,United States
4283,India
4284,United States
4285,Bahamas
4286,United States
4287,France
4288,Jordan
4289,Nepal
4290,Brazil
4291,Chile
4292,United States
4293,Congo
4294,Bahrain
4295,Colombia
4296,Australia
4297,Sri Lanka
4298,Mexico
4299,Canada
4300,United States
4301,United States
4302,Laos
4303,Georgia
4304,Taiwan
4305,Angola
4306,Congo
4307,India
4308,Angola
4309,United States
4310,United States
4311,China
4312,Indonesia
4313,United States
4314,Venezuela
4315,United States
4316,Colombia
4317,Germany
4318,United States
4319,Suriname
4320,United States
4321,Georgia
4322,Thailand
4323,Saudi Arabia
4324,United States
4325,Indonesia
4326,United States
4327,Sudan
4328,Vietnam
4329,Argentina
4330,Turkey
4331,Iran
4332,Argentina
4333,Russia
4334,Indonesia
4335,Russia
4336,United States
4337,Venezuela
4338,Russia
4339,Iceland
4340,United States
4341,Congo
4342,United States
4343,United States
4344,Spain
4345,United States
4346,United States
4347,United States
4348,United States
4349,Mexico
4350,Brazil
4351,Guatemala
4352,Russia
4353,Canada
4354,Italy
4355,Spain
4356,United States
4357,Canada
4358,United States
4359,United States
4360,Russia
4361,United States
4362,Estonia
4363,Switzerland
4364,Niger
4365,Russia
4366,Congo
4367,Colombia
4368,Germany
4369,England
4370,Pakistan
4371,Spain
4372,Mexico
4373,Indonesia
4374,Ecuador
4375,Angola
4376,Colombia
4377,Iran
4378,Liberia
4379,Russia
4380,Philippines
4381,Italy
4382,Cuba
4383,Djibouti
4384,Spain
4385,United States
4386,Colombia
4387,Russia
4388,Niger
4389,Tunisia
4390,China
4391,Niger
4392,Taiwan
4393,Indonesia
4394,South Africa
4395,Angola
4396,Afghanistan
4397,Germany
4398,Central African Republic
4399,Indonesia
4400,England
4401,Nepal
4402,Ukraine
4403,Russia
4404,United States
4405,Sri Lanka
4406,United States
4407,Nepal
4408,Russia
4409,Brazil
4410,Brazil
4411,Canada
4412,India
4413,Luxembourg
4414,Indonesia
4415,Mexico
4416,Philippines
4417,Kenya
4418,Guinea
4419,United States
4420,Taiwan
4421,Iran
4422,Brazil
4423,Comoros
4424,United States
4425,Turkey
4426,Peru
4427,Gabon
4428,Kenya
4429,East Timor
4430,Morocco
4431,Estonia
4432,United States
4433,Iran
4434,Pakistan
4435,Russia
4436,Algeria
4437,Indonesia
4438,United States
4439,Congo
4440,Turkey
4441,United States
4442,Italy
4443,Brazil
4444,New Zealand
4445,Brazil
4446,United States
4447,France
4448,Iran
4449,United States
4450,Namibia
4451,Algeria
4452,Brazil
4453,Brazil
4454,Sudan
4455,Venezuela
4456,Bahamas
4457,Kenya
4458,United States
4459,United States
4460,Venezuela
4461,United States
4462,Russia
4463,Haiti
4464,United States
4465,Canada
4466,Mexico
4467,United States
4468,United States
4469,Canada
4470,United States
4471,New Zealand
4472,Venezuela
4473,Argentina
4474,Mexico
4475,United States
4476,Iraq
4477,Australia
4478,Guyana
4479,Iraq
4480,United States
4481,Congo
4482,Canada
4483,Colombia
4484,United States
4485,Benin
4486,Egypt
4487,Uzbekistan
4488,United States
4489,United Arab Emirates
4490,Azerbaijan
4491,United States
4492,United States
4493,Mexico
4494,Colombia
4495,Sudan
4496,Sudan
4497,Brazil
4498,China
4499,Kazakhstan
4500,Kenya
4501,Nepal
4502,Gabon
4503,Sierra Leone
4504,United States
4505,Brazil
4506,Guinea
4507,United States
4508,Venezuela
4509,Russia
4510,Russia
4511,United States
4512,Mexico
4513,Greece
4514,United States
4515,Sudan
4516,Canada
4517,United States
4518,Colombia
4519,Philippines
4520,United States
4521,United States
4522,United States
4523,Venezuela
4524,China
4525,United States
4526,United States
4527,United States
4528,Indonesia
4529,Venezuela
4530,Saudi Arabia
4531,Brazil
4532,Russia
4533,Colombia
4534,United States
4535,Iraq
4536,Hungary
4537,Iraq
4538,Afghanistan
4539,Sudan
4540,United States
4541,Guinea
4542,Indonesia
4543,Venezuela
4544,United Kingdom
4545,Russia
4546,Tanzania
4547,Colombia
4548,Albania
4549,Indonesia
4550,Iran
4551,Iraq
4552,Peru
4553,New Zealand
4554,Congo
4555,Australia
4556,Argentina
4557,Zambia
4558,Congo
4559,Sudan
4560,Equatorial Guinea
4561,Canada
4562,Italy
4563,Estonia
4564,Greece
4565,Venezuela
4566,Peru
4567,Indonesia
4568,Congo
4569,Congo
4570,United States
4571,Niger
4572,Iran
4573,United States
4574,Niger
4575,United States
4576,Azerbaijan
4577,United States
4578,Iraq
4579,Uganda
4580,Iran
4581,Hungary
4582,United States
4583,United States
4584,Brazil
4585,Kenya
4586,Cameroon
4587,Afghanistan
4588,Russia
4589,United States
4590,United States
4591,China
4592,Chad
4593,United States
4594,Congo
4595,Russia
4596,Pakistan
4597,Afghanistan
4598,Congo
4599,United States
4600,Italy
4601,Ukraine
4602,United States
4603,Iran
4604,Afghanistan
4605,Russia
4606,Niger
4607,Brazil
4608,Norway
4609,Russia
4610,Niger
4611,Indonesia
4612,Colombia
4613,Iran
4614,United States
4615,Indonesia
4616,Iraq
4617,Iraq
4618,France
4619,Indonesia
4620,United States
4621,United States
4622,Brazil
4623,Russia
4624,Somalia
4625,Guyana
4626,United States
4627,Cameroon
4628,Egypt
4629,Congo
4630,Peru
4631,Sierra Leone
4632,United States
4633,Mongolia
4634,Congo
4635,Cambodia
4636,Angola
4637,Mexico
4638,Canada
4639,Brazil
4640,Ethiopia
4641,United States
4642,Russia
4643,United States
4644,United States
4645,Japan
4646,Brazil
4647,Iraq
4648,Congo
4649,Congo
4650,Thailand
4651,Congo
4652,Congo
4653,Colombia
4654,Sudan
4655,Turkey
4656,United States
4657,United States
4658,Venezuela
4659,United States
4660,England
4661,Poland
4662,Indonesia
4663,Venezuela
4664,Argentina
4665,Nepal
4666,Suriname
4667,Australia
4668,Moldova
4669,Congo
4670,Equatorial Guinea
4671,United States
4672,United States
4673,United States
4674,Russia
4675,Panama
4676,Honduras
4677,United States
4678,Sudan
4679,United States
4680,Thailand
4681,Indonesia
4682,Sudan
4683,United States
4684,Sudan
4685,Mexico
4686,Colombia
4687,United States
4688,Canada
4689,United States
4690,Thailand
4691,Somalia
4692,Spain
4693,Kyrgyzstan
4694,Ecuador
4695,United States
4696,United Arab Emirates
4697,Russia
4698,United States
4699,United States
4700,Nepal
4701,United States
4702,Iraq
4703,Canada
4704,France
4705,United States
4706,United States
4707,United States
4708,United States
4709,United States
4710,United States
4711,Afghanistan
4712,United States
4713,Brazil
4714,United States
4715,Chile
4716,Egypt
4717,Netherlands
4718,Uganda
4719,United States
4720,United States
4721,Japan
4722,United States
4723,Indonesia
4724,Indonesia
4725,Congo
4726,Venezuela
4727,Indonesia
4728,Congo
4729,Brazil
4730,Canada
4731,India
4732,Indonesia
4733,Comoros
4734,Pakistan
4735,Iran
4736,Afghanistan
4737,Iran
4738,Indonesia
4739,Thailand
4740,United States
4741,Guinea
4742,Congo
4743,United States
4744,South Africa
4745,United States
4746,Philippines
4747,United Arab Emirates
4748,Netherlands
4749,Russia
4750,Russia
4751,Rwanda
4752,United States
4753,China
4754,Canada
4755,United States
4756,Lebanon
4757,Brazil
4758,Philippines
4759,Yemen
4760,Russia
4761,Russia
4762,Mexico
4763,Philippines
4764,Libya
4765,Suriname
4766,Afghanistan
4767,India
4768,Cameroon
4769,Canada
4770,Romania
4771,Pakistan
4772,United States
4773,United States
4774,Russia
4775,United States
4776,Colombia
4777,United States
4778,Nepal
4779,China
4780,Congo
4781,Venezuela
4782,United Arab Emirates
4783,United States
4784,Venezuela
4785,Afghanistan
4786,Tajikistan
4787,Afghanistan
4788,Congo
4789,Cuba
4790,Pakistan
4791,Russia
4792,Pakistan
4793,Russia
4794,Nepal
4795,Russia
4796,Iran
4797,South Africa
4798,Ireland
4799,Honduras
4800,Congo
4801,Congo
4802,India
4803,Brazil
4804,Indonesia
4805,Argentina
4806,Russia
4807,Afghanistan
4808,Congo
4809,Russia
4810,Brazil
4811,Morocco
4812,United States
4813,Afghanistan
4814,Russia
4815,Canada
4816,United States
4817,Chile
4818,Bolivia
4819,Russia
4820,Angola
4821,United States
4822,Canada
4823,Nepal
4824,Indonesia
4825,Guinea
4826,Canada
4827,United States
4828,Mexico
4829,United States
4830,United States
4831,Congo
4832,United States
4833,Afghanistan
4834,Russia
4835,Pakistan
4836,Colombia
4837,Indonesia
4838,Nepal
4839,Ghana
4840,Niger
4841,Peru
4842,Russia
4843,Indonesia
4844,Philippines
4845,Sudan
4846,Russia
4847,Nepal
4848,Sudan
4849,United States
4850,Yemen
4851,Congo
4852,South Africa
4853,Mexico
4854,Kazakhstan
4855,Myanmar
4856,Russia
4857,United States
4858,Venezuela
4859,Kazakhstan
4860,Ukraine
4861,Congo
4862,United States
4863,Indonesia
4864,Afghanistan
4865,United States
4866,India
4867,United States
4868,United States
4869,Somalia
4870,United States
4871,Niger
4872,Malaysia
4873,Laos
4874,Bolivia
4875,Mali
4876,Canada
4877,Russia
4878,United States
4879,United States
4880,Brazil
4881,Russia
4882,Romania
4883,Algeria
4884,Nepal
4885,Tunisia
4886,India
4887,United States
4888,Mexico
4889,Finland
4890,Colombia
4891,Laos
4892,Ukraine
4893,Kenya
4894,Vietnam
4895,Ukraine
4896,Taiwan
4897,Mali
4898,Iran
4899,Algeria
4900,Tanzania
4901,Guinea
4902,United States
4903,Congo
4904,United States
4905,Syria
4906,Taiwan
4907,Argentina
4908,France
4909,United States
4910,Indonesia
4911,Colombia
4912,Indonesia
4913,United States
4914,Senegal
4915,United States
4916,Afghanistan
4917,Indonesia
4918,Indonesia
4919,Egypt
4920,South Sudan
4921,New Zealand
4922,Russia
4923,Sweden
4924,Somalia
4925,Nepal
4926,Nepal
4927,Bangladesh
4928,Ecuador
4929,Russia
4930,Canada
4931,United States
4932,Guinea
4933,Norway
4934,Egypt
4935,India
4936,United States
4937,United Arab Emirates
4938,Russia
4939,Malta
4940,Colombia
4941,Indonesia
4942,Pakistan
4943,Indonesia
4944,Colombia
4945,Russia
4946,Kyrgyzstan
4947,Australia
4948,Turkey
4949,Zimbabwe
4950,United States
4951,Nepal
4952,Myanmar
4953,Australia
4954,United States
4955,Congo
4956,Angola
4957,United States
4958,Tanzania
4959,United States
4960,Costa Rica
4961,United States
4962,United States
4963,Russia
4964,Iran
4965,Syria
4966,United States
4967,Iran
4968,Nepal
4969,Algeria
4970,United States
4971,Georgia
4972,Cuba
4973,Kenya
4974,South Africa
4975,Switzerland
4976,Iran
4977,Micronesia
4978,Indonesia
4979,Guyana
4980,Iran
4981,United States
4982,Colombia
4983,Ethiopia
4984,Chile
4985,Mexico
4986,Russia
4987,India
4988,India
4989,United States
4990,Ukraine
4991,Congo
4992,Kazakhstan
4993,Sudan
4994,Iran
4995,Turkey
4996,Philippines
4997,Pakistan
4998,India
4999,South Sudan
5000,Ukraine
5001,Indonesia
5002,Sudan
5003,United States
5004,Niger
5005,Myanmar
5006,Philippines
5007,Russia
